Zip Code,City,County
98282,Camano Island,Island
98236,Clinton,Island
98239,Coupeville,Island
98249,Freeland,Island
98253,Greenbank,Island
98260,Langley,Island
98277,Oak Harbor,Island
98278,Oak Harbor,Island
98001,Auburn,King
98002,Auburn,King
98071,Auburn,King
98092,Auburn,King
98224,Baring,King
98004,Bellevue,King
98005,Bellevue,King
98006,Bellevue,King
98007,Bellevue,King
98008,Bellevue,King
98009,Bellevue,King
98015,Bellevue,King
98010,Black Diamond,King
98011,Bothell,King
98041,Bothell,King
98013,Burton,King
98014,Carnation,King
98019,Duvall,King
98022,Enumclaw,King
98024,Fall City,King
98003,Federal Way,King
98023,Federal Way,King
98063,Federal Way,King
98093,Federal Way,King
98025,Hobart,King
98027,Issaquah,King
98029,Issaquah,King
98028,Kenmore,King
98030,Kent,King
98031,Kent,King
98032,Kent,King
98035,Kent,King
98042,Kent,King
98064,Kent,King
98089,Kent,King
98033,Kirkland,King
98034,Kirkland,King
98083,Kirkland,King
98038,Maple Valley,King
98039,Medina,King
98040,Mercer Island,King
98045,North Bend,King
98047,Pacific,King
98050,Preston,King
98051,Ravensdale,King
98052,Redmond,King
98053,Redmond,King
98073,Redmond,King
98054,Redondo,King
98055,Renton,King
98056,Renton,King
98057,Renton,King
98058,Renton,King
98059,Renton,King
98074,Sammamish,King
98075,Sammamish,King
98062,Seahurst,King
98101,Seattle,King
98102,Seattle,King
98103,Seattle,King
98104,Seattle,King
98105,Seattle,King
98106,Seattle,King
98107,Seattle,King
98108,Seattle,King
98109,Seattle,King
98111,Seattle,King
98112,Seattle,King
98113,Seattle,King
98114,Seattle,King
98115,Seattle,King
98116,Seattle,King
98117,Seattle,King
98118,Seattle,King
98119,Seattle,King
98121,Seattle,King
98122,Seattle,King
98124,Seattle,King
98125,Seattle,King
98126,Seattle,King
98127,Seattle,King
98129,Seattle,King
98131,Seattle,King
98132,Seattle,King
98133,Seattle,King
98134,Seattle,King
98136,Seattle,King
98138,Seattle,King
98139,Seattle,King
98141,Seattle,King
98144,Seattle,King
98145,Seattle,King
98146,Seattle,King
98148,Seattle,King
98151,Seattle,King
98154,Seattle,King
98155,Seattle,King
98158,Seattle,King
98160,Seattle,King
98161,Seattle,King
98164,Seattle,King
98165,Seattle,King
98166,Seattle,King
98168,Seattle,King
98170,Seattle,King
98171,Seattle,King
98174,Seattle,King
98175,Seattle,King
98177,Seattle,King
98178,Seattle,King
98181,Seattle,King
98184,Seattle,King
98185,Seattle,King
98188,Seattle,King
98190,Seattle,King
98191,Seattle,King
98194,Seattle,King
98195,Seattle,King
98198,Seattle,King
98199,Seattle,King
98288,Skykomish,King
98065,Snoqualmie,King
98070,Vashon,King
98072,Woodinville,King
98077,Woodinville,King
98110,Bainbridge Island,Kitsap
98310,Bremerton,Kitsap
98311,Bremerton,Kitsap
98312,Bremerton,Kitsap
98314,Bremerton,Kitsap
98337,Bremerton,Kitsap
98322,Burley,Kitsap
98340,Hansville,Kitsap
98342,Indianola,Kitsap
98345,Keyport,Kitsap
98346,Kingston,Kitsap
98353,Manchester,Kitsap
98359,Olalla,Kitsap
98364,Port Gamble,Kitsap
98366,Port Orchard,Kitsap
98367,Port Orchard,Kitsap
98370,Poulsbo,Kitsap
98378,Retsil,Kitsap
98061,Rollingbay,Kitsap
98380,Seabeck,Kitsap
98315,Silverdale,Kitsap
98383,Silverdale,Kitsap
98384,South Colby,Kitsap
98386,Southworth,Kitsap
98392,Suquamish,Kitsap
98303,Anderson Island,Pierce
98304,Ashford,Pierce
98391,Bonney Lake,Pierce
98321,Buckley,Pierce
98430,Camp Murray,Pierce
98323,Carbonado,Pierce
98327,Dupont,Pierce
98328,Eatonville,Pierce
98330,Elbe,Pierce
98333,Fox Island,Pierce
98329,Gig Harbor,Pierce
98332,Gig Harbor,Pierce
98335,Gig Harbor,Pierce
98338,Graham,Pierce
98344,Kapowsin,Pierce
98348,La Grande,Pierce
98349,Lakebay,Pierce
98439,Lakewood,Pierce
98492,Lakewood,Pierce
98496,Lakewood,Pierce
98497,Lakewood,Pierce
98498,Lakewood,Pierce
98499,Lakewood,Pierce
98351,Longbranch,Pierce
98397,Longmire,Pierce
98438,Mcchord Afb,Pierce
98558,Mckenna,Pierce
98354,Milton,Pierce
98360,Orting,Pierce
98398,Paradise Inn,Pierce
98371,Puyallup,Pierce
98372,Puyallup,Pierce
98373,Puyallup,Pierce
98374,Puyallup,Pierce
98375,Puyallup,Pierce
98580,Roy,Pierce
98385,South Prairie,Pierce
98387,Spanaway,Pierce
98388,Steilacoom,Pierce
98352,Sumner,Pierce
98390,Sumner,Pierce
98401,Tacoma,Pierce
98402,Tacoma,Pierce
98403,Tacoma,Pierce
98404,Tacoma,Pierce
98405,Tacoma,Pierce
98406,Tacoma,Pierce
98407,Tacoma,Pierce
98408,Tacoma,Pierce
98409,Tacoma,Pierce
98411,Tacoma,Pierce
98412,Tacoma,Pierce
98413,Tacoma,Pierce
98415,Tacoma,Pierce
98416,Tacoma,Pierce
98417,Tacoma,Pierce
98418,Tacoma,Pierce
98419,Tacoma,Pierce
98421,Tacoma,Pierce
98422,Tacoma,Pierce
98424,Tacoma,Pierce
98431,Tacoma,Pierce
98433,Tacoma,Pierce
98442,Tacoma,Pierce
98443,Tacoma,Pierce
98444,Tacoma,Pierce
98445,Tacoma,Pierce
98446,Tacoma,Pierce
98447,Tacoma,Pierce
98448,Tacoma,Pierce
98450,Tacoma,Pierce
98455,Tacoma,Pierce
98460,Tacoma,Pierce
98464,Tacoma,Pierce
98465,Tacoma,Pierce
98466,Tacoma,Pierce
98471,Tacoma,Pierce
98477,Tacoma,Pierce
98481,Tacoma,Pierce
98490,Tacoma,Pierce
98493,Tacoma,Pierce
98467,University Place,Pierce
98394,Vaughn,Pierce
98395,Wauna,Pierce
98396,Wilkeson,Pierce
98221,Anacortes,Skagit
98232,Bow,Skagit
98233,Burlington,Skagit
98235,Clearlake,Skagit
98237,Concrete,Skagit
98238,Conway,Skagit
98255,Hamilton,Skagit
98257,La Conner,Skagit
98263,Lyman,Skagit
98267,Marblemount,Skagit
98273,Mount Vernon,Skagit
98274,Mount Vernon,Skagit
98283,Rockport,Skagit
98223,Arlington,Snohomish
98012,Bothell,Snohomish
98021,Bothell,Snohomish
98241,Darrington,Snohomish
98020,Edmonds,Snohomish
98026,Edmonds,Snohomish
98201,Everett,Snohomish
98203,Everett,Snohomish
98204,Everett,Snohomish
98205,Everett,Snohomish
98206,Everett,Snohomish
98207,Everett,Snohomish
98208,Everett,Snohomish
98213,Everett,Snohomish
98251,Gold Bar,Snohomish
98252,Granite Falls,Snohomish
98256,Index,Snohomish
98258,Lake Stevens,Snohomish
98036,Lynnwood,Snohomish
98037,Lynnwood,Snohomish
98046,Lynnwood,Snohomish
98087,Lynnwood,Snohomish
98270,Marysville,Snohomish
98271,Marysville,Snohomish
98082,Mill Creek,Snohomish
98272,Monroe,Snohomish
98043,Mountlake Terrace,Snohomish
98275,Mukilteo,Snohomish
98259,North Lakewood,Snohomish
98287,Silvana,Snohomish
98290,Snohomish,Snohomish
98291,Snohomish,Snohomish
98296,Snohomish,Snohomish
98292,Stanwood,Snohomish
98293,Startup,Snohomish
98294,Sultan,Snohomish
98220,Acme,Whatcom
98225,Bellingham,Whatcom
98226,Bellingham,Whatcom
98227,Bellingham,Whatcom
98228,Bellingham,Whatcom
98229,Bellingham,Whatcom
98230,Blaine,Whatcom
98231,Blaine,Whatcom
98240,Custer,Whatcom
98244,Deming,Whatcom
98247,Everson,Whatcom
98248,Ferndale,Whatcom
98262,Lummi Island,Whatcom
98264,Lynden,Whatcom
98266,Maple Falls,Whatcom
98276,Nooksack,Whatcom
98281,Point Roberts,Whatcom
98295,Sumas,Whatcom
